date,restaurant_id,rating,source,review_text
2025-04-01,3,4,internal,"Отличное место, всё очень вкусно!"
2025-04-01,6,5,Google,"Приятная атмосфера, вежливый персонал."
2025-04-02,7,4,Google,"Обслуживание на высоте, спасибо официанту Татьяна."
2025-04-02,9,5,Yandex,"Любимый ресторан, всегда свежая еда."
2025-04-02,10,4,Yandex,"Отличное место, всё очень вкусно!"
2025-04-02,10,4,Google,"Быстро и вкусно, цены приемлемые."
2025-04-03,2,5,Google,"Любимый ресторан, всегда свежая еда."
2025-04-03,4,4,Google,"Рекомендую всем, кто хочет вкусно поесть."
2025-04-03,4,3,Google,"Принесли не то, что заказывали."
2025-04-03,6,4,internal,"Быстро и вкусно, цены приемлемые."
2025-04-04,6,5,internal,Будем приходить ещё!
2025-04-04,10,5,internal,"Приятная атмосфера, вежливый персонал."
2025-04-04,10,4,Yandex,"Обслуживание на высоте, спасибо официанту Елена."
2025-04-05,1,4,Yandex,"Рекомендую всем, кто хочет вкусно поесть."
2025-04-05,8,4,Yandex,"Любимый ресторан, всегда свежая еда."
2025-04-05,10,5,Google,"Заказывали Цезарь, очень понравилось!"
2025-04-05,10,5,Google,"Отличное место, всё очень вкусно!"
2025-04-07,1,5,Yandex,"Приятная атмосфера, вежливый персонал."
2025-04-07,7,4,Google,"Рекомендую всем, кто хочет вкусно поесть."
2025-04-08,2,4,Yandex,"Рекомендую всем, кто хочет вкусно поесть."
2025-04-08,2,5,Yandex,"Рекомендую всем, кто хочет вкусно поесть."
2025-04-08,10,4,internal,"Заказывали Десерт, очень понравилось!"
2025-04-09,4,5,internal,"Заказывали Десерт, очень понравилось!"
2025-04-09,9,5,Yandex,"Заказывали Пицца, очень понравилось!"
2025-04-09,10,2,Google,"Долго ждали заказ, больше часа."
2025-04-10,7,3,internal,"Обслуживание ужасное, официант грубил."
2025-04-10,10,5,Yandex,"Заказывали Стейк, очень понравилось!"
2025-04-11,1,5,Yandex,"Отличное место, всё очень вкусно!"
2025-04-11,4,4,internal,Будем приходить ещё!
2025-04-11,8,4,Google,"Обслуживание на высоте, спасибо официанту Ольга."
2025-04-12,4,4,internal,"Заказывали Стейк, очень понравилось!"
2025-04-12,5,5,Yandex,"Рекомендую всем, кто хочет вкусно поесть."
2025-04-12,8,5,internal,Хорошее соотношение цены и качества.
2025-04-13,1,5,Yandex,"Приятная атмосфера, вежливый персонал."
2025-04-13,2,5,Yandex,"Обслуживание на высоте, спасибо официанту Сергей."
2025-04-13,2,4,internal,Хорошее соотношение цены и качества.
2025-04-13,4,4,Google,"Любимый ресторан, всегда свежая еда."
2025-04-13,5,5,Google,Будем приходить ещё!
2025-04-13,5,4,internal,"Заказывали Борщ, очень понравилось!"
2025-04-13,6,4,Google,"Обслуживание на высоте, спасибо официанту Наталья."
2025-04-13,9,5,Yandex,"Обслуживание на высоте, спасибо официанту Алексей."
2025-04-14,10,4,internal,"Обслуживание на высоте, спасибо официанту Алексей."
2025-04-16,4,5,internal,"Приятная атмосфера, вежливый персонал."
2025-04-17,1,4,Google,"Заказывали Цезарь, очень понравилось!"
2025-04-17,4,4,internal,"Рекомендую всем, кто хочет вкусно поесть."
2025-04-18,1,4,Google,"Обслуживание на высоте, спасибо официанту Дмитрий."
2025-04-18,3,4,Google,"Рекомендую всем, кто хочет вкусно поесть."
2025-04-18,9,5,Yandex,"Быстро и вкусно, цены приемлемые."
2025-04-19,1,4,Google,"Обслуживание на высоте, спасибо официанту Сергей."
2025-04-19,7,4,Yandex,Хорошее соотношение цены и качества.
2025-04-20,4,4,Yandex,"Быстро и вкусно, цены приемлемые."
2025-04-20,5,5,Google,"Быстро и вкусно, цены приемлемые."
2025-04-20,6,5,Yandex,"Заказывали Десерт, очень понравилось!"
2025-04-20,10,4,Yandex,"Приятная атмосфера, вежливый персонал."
2025-04-21,3,3,internal,"Долго ждали заказ, больше часа."
2025-04-21,6,3,internal,"Обслуживание ужасное, официант грубил."
2025-04-21,8,4,Google,"Приятная атмосфера, вежливый персонал."
2025-04-22,6,4,Google,Хорошее соотношение цены и качества.
2025-04-22,6,5,Yandex,"Быстро и вкусно, цены приемлемые."
2025-04-22,7,3,internal,"Грязно в зале, нужно убирать."
2025-04-22,10,4,Yandex,"Рекомендую всем, кто хочет вкусно поесть."
2025-04-23,1,5,internal,"Быстро и вкусно, цены приемлемые."
2025-04-23,5,4,Google,"Отличное место, всё очень вкусно!"
2025-04-23,9,5,Yandex,"Быстро и вкусно, цены приемлемые."
2025-04-23,10,3,internal,"Долго ждали заказ, больше часа."
2025-04-24,8,5,Google,"Заказывали Цезарь, очень понравилось!"
2025-04-25,1,5,Google,"Отличное место, всё очень вкусно!"
2025-04-25,2,3,internal,"Еда была не очень, Стейк совсем не понравилось."
2025-04-25,2,4,Google,"Обслуживание на высоте, спасибо официанту Ольга."
2025-04-25,3,5,internal,"Быстро и вкусно, цены приемлемые."
2025-04-25,8,5,Google,"Рекомендую всем, кто хочет вкусно поесть."
2025-04-26,9,4,internal,"Приятная атмосфера, вежливый персонал."
2025-04-26,9,5,Yandex,"Приятная атмосфера, вежливый персонал."
2025-04-27,2,5,Yandex,"Приятная атмосфера, вежливый персонал."
2025-04-27,3,5,Google,Хорошее соотношение цены и качества.
2025-04-27,6,5,Google,"Рекомендую всем, кто хочет вкусно поесть."
2025-04-28,1,3,internal,"Еда была не очень, Борщ совсем не понравилось."
2025-04-28,1,5,Google,Хорошее соотношение цены и качества.
2025-04-28,10,5,Google,"Отличное место, всё очень вкусно!"
2025-04-29,3,5,internal,"Приятная атмосфера, вежливый персонал."
2025-04-29,5,4,internal,"Заказывали Цезарь, очень понравилось!"
2025-04-29,8,4,internal,Хорошее соотношение цены и качества.
2025-04-30,2,5,Google,Будем приходить ещё!
2025-04-30,3,1,Google,"Обслуживание ужасное, официант грубил."
2025-04-30,4,4,Google,"Приятная атмосфера, вежливый персонал."
2025-04-30,4,4,Google,"Рекомендую всем, кто хочет вкусно поесть."
2025-04-30,10,4,Google,"Заказывали Десерт, очень понравилось!"
2025-05-01,9,5,Google,"Заказывали Борщ, очень понравилось!"
2025-05-02,2,4,internal,"Быстро и вкусно, цены приемлемые."
2025-05-02,3,5,internal,"Рекомендую всем, кто хочет вкусно поесть."
2025-05-02,8,4,Google,"Отличное место, всё очень вкусно!"
2025-05-02,10,4,Google,"Приятная атмосфера, вежливый персонал."
2025-05-02,10,5,internal,Будем приходить ещё!
2025-05-03,1,4,Google,"Рекомендую всем, кто хочет вкусно поесть."
2025-05-03,3,4,Google,"Отличное место, всё очень вкусно!"
2025-05-03,4,5,internal,"Обслуживание на высоте, спасибо официанту Иван."
2025-05-03,4,5,Google,"Обслуживание на высоте, спасибо официанту Иван."
2025-05-03,4,4,Google,"Отличное место, всё очень вкусно!"
2025-05-03,6,4,Google,"Любимый ресторан, всегда свежая еда."
2025-05-04,2,3,Yandex,"Грязно в зале, нужно убирать."
2025-05-04,7,4,internal,"Отличное место, всё очень вкусно!"
2025-05-04,10,4,Google,"Обслуживание на высоте, спасибо официанту Сергей."
2025-05-05,4,3,Yandex,"Цены высокие, а качество низкое."
2025-05-06,2,5,Yandex,"Приятная атмосфера, вежливый персонал."
2025-05-06,6,5,internal,Хорошее соотношение цены и качества.
2025-05-06,7,3,Google,"Цены высокие, а качество низкое."
2025-05-06,8,1,Google,"Цены высокие, а качество низкое."
2025-05-06,9,4,Yandex,"Заказывали Борщ, очень понравилось!"
2025-05-07,5,3,internal,"Грязно в зале, нужно убирать."
2025-05-07,5,5,Google,"Заказывали Рыба, очень понравилось!"
2025-05-07,9,3,Google,"Принесли не то, что заказывали."
2025-05-08,2,4,internal,Будем приходить ещё!
2025-05-08,4,5,Google,Будем приходить ещё!
2025-05-08,6,4,Google,Хорошее соотношение цены и качества.
2025-05-09,1,4,Google,Хорошее соотношение цены и качества.
2025-05-10,2,4,internal,"Отличное место, всё очень вкусно!"
2025-05-10,10,5,internal,"Обслуживание на высоте, спасибо официанту Михаил."
2025-05-11,2,4,Google,"Заказывали Паста, очень понравилось!"
2025-05-11,4,4,Yandex,"Заказывали Паста, очень понравилось!"
2025-05-11,10,5,Google,"Быстро и вкусно, цены приемлемые."
2025-05-12,3,3,internal,"Еда была не очень, Пицца совсем не понравилось."
2025-05-12,5,4,internal,Будем приходить ещё!
2025-05-12,6,4,internal,"Заказывали Паста, очень понравилось!"
2025-05-13,3,5,Yandex,"Обслуживание на высоте, спасибо официанту Сергей."
2025-05-13,6,4,Google,"Приятная атмосфера, вежливый персонал."
2025-05-13,7,4,internal,"Рекомендую всем, кто хочет вкусно поесть."
2025-05-13,8,4,internal,"Заказывали Стейк, очень понравилось!"
2025-05-14,3,4,Google,"Отличное место, всё очень вкусно!"
2025-05-14,6,4,Yandex,Хорошее соотношение цены и качества.
2025-05-15,2,5,internal,"Отличное место, всё очень вкусно!"
2025-05-15,6,5,Yandex,Будем приходить ещё!
2025-05-15,8,4,Google,"Заказывали Пицца, очень понравилось!"
2025-05-16,3,5,internal,"Приятная атмосфера, вежливый персонал."
2025-05-16,3,4,Yandex,"Заказывали Рыба, очень понравилось!"
2025-05-17,5,4,Yandex,Хорошее соотношение цены и качества.
2025-05-18,2,5,internal,"Приятная атмосфера, вежливый персонал."
2025-05-18,8,4,Yandex,"Отличное место, всё очень вкусно!"
2025-05-19,4,5,internal,"Быстро и вкусно, цены приемлемые."
2025-05-19,10,4,Google,Хорошее соотношение цены и качества.
2025-05-20,8,4,Google,"Рекомендую всем, кто хочет вкусно поесть."
2025-05-20,9,4,internal,"Рекомендую всем, кто хочет вкусно поесть."
2025-05-20,9,5,Yandex,"Любимый ресторан, всегда свежая еда."
2025-05-21,1,3,Google,"Принесли не то, что заказывали."
2025-05-21,3,3,internal,"Грязно в зале, нужно убирать."
2025-05-21,3,5,Google,"Быстро и вкусно, цены приемлемые."
2025-05-21,4,5,internal,"Отличное место, всё очень вкусно!"
2025-05-21,5,5,Google,"Заказывали Цезарь, очень понравилось!"
2025-05-21,6,5,Yandex,"Быстро и вкусно, цены приемлемые."
2025-05-21,9,2,Google,"Цены высокие, а качество низкое."
2025-05-22,1,3,Google,"Еда была не очень, Десерт совсем не понравилось."
2025-05-22,5,4,Yandex,"Обслуживание на высоте, спасибо официанту Михаил."
2025-05-23,1,4,internal,"Любимый ресторан, всегда свежая еда."
2025-05-23,2,4,internal,"Рекомендую всем, кто хочет вкусно поесть."
2025-05-23,7,4,Google,"Любимый ресторан, всегда свежая еда."
2025-05-23,8,5,internal,"Быстро и вкусно, цены приемлемые."
2025-05-23,9,5,Google,"Отличное место, всё очень вкусно!"
2025-05-24,4,5,Google,"Отличное место, всё очень вкусно!"
2025-05-25,2,4,internal,"Отличное место, всё очень вкусно!"
2025-05-26,2,5,Yandex,"Быстро и вкусно, цены приемлемые."
2025-05-26,2,4,Yandex,Хорошее соотношение цены и качества.
2025-05-26,3,2,internal,"Обслуживание ужасное, официант грубил."
2025-05-26,3,2,Google,"Цены высокие, а качество низкое."
2025-05-26,5,4,internal,"Любимый ресторан, всегда свежая еда."
2025-05-26,10,5,Yandex,"Рекомендую всем, кто хочет вкусно поесть."
2025-05-26,10,5,Yandex,"Отличное место, всё очень вкусно!"
2025-05-27,8,4,Yandex,"Приятная атмосфера, вежливый персонал."
2025-05-27,10,4,Yandex,Будем приходить ещё!
2025-05-27,10,5,internal,Хорошее соотношение цены и качества.
2025-05-28,3,5,Yandex,"Быстро и вкусно, цены приемлемые."
2025-05-28,6,4,Google,Будем приходить ещё!
2025-05-28,8,5,Yandex,"Быстро и вкусно, цены приемлемые."
2025-05-29,1,4,Yandex,"Обслуживание на высоте, спасибо официанту Иван."
2025-05-29,2,4,Yandex,"Заказывали Пицца, очень понравилось!"
2025-05-29,5,5,Yandex,Будем приходить ещё!
2025-05-29,6,4,internal,Будем приходить ещё!
2025-05-29,7,4,Yandex,"Любимый ресторан, всегда свежая еда."
2025-05-30,6,4,Google,Хорошее соотношение цены и качества.
2025-05-31,1,4,Yandex,"Любимый ресторан, всегда свежая еда."
2025-05-31,7,5,internal,"Любимый ресторан, всегда свежая еда."
2025-06-01,1,4,internal,"Заказывали Паста, очень понравилось!"
2025-06-01,3,1,Yandex,"Принесли не то, что заказывали."
2025-06-01,3,5,internal,"Любимый ресторан, всегда свежая еда."
2025-06-01,9,4,Yandex,"Заказывали Рыба, очень понравилось!"
2025-06-01,10,5,internal,"Заказывали Десерт, очень понравилось!"
2025-06-01,10,4,Google,"Приятная атмосфера, вежливый персонал."
2025-06-02,9,5,Yandex,Хорошее соотношение цены и качества.
2025-06-02,10,5,internal,Будем приходить ещё!
2025-06-03,1,5,Yandex,"Отличное место, всё очень вкусно!"
2025-06-03,9,5,Google,"Любимый ресторан, всегда свежая еда."
2025-06-04,7,5,Google,Будем приходить ещё!
2025-06-04,10,5,Yandex,"Отличное место, всё очень вкусно!"
2025-06-05,5,5,Google,"Быстро и вкусно, цены приемлемые."
2025-06-05,7,5,Google,"Приятная атмосфера, вежливый персонал."
2025-06-06,2,4,Google,"Обслуживание на высоте, спасибо официанту Наталья."
2025-06-06,5,5,internal,"Заказывали Десерт, очень понравилось!"
2025-06-06,8,5,Google,"Приятная атмосфера, вежливый персонал."
2025-06-07,5,4,Google,Будем приходить ещё!
2025-06-07,9,4,internal,"Приятная атмосфера, вежливый персонал."
2025-06-07,9,5,internal,"Приятная атмосфера, вежливый персонал."
2025-06-08,2,4,Google,"Отличное место, всё очень вкусно!"
2025-06-08,3,4,internal,"Рекомендую всем, кто хочет вкусно поесть."
2025-06-08,10,4,Yandex,"Отличное место, всё очень вкусно!"
2025-06-09,4,5,Google,"Быстро и вкусно, цены приемлемые."
2025-06-09,7,4,Google,"Любимый ресторан, всегда свежая еда."
2025-06-09,9,4,Yandex,"Любимый ресторан, всегда свежая еда."
2025-06-10,6,3,internal,"Принесли не то, что заказывали."
2025-06-10,9,4,Yandex,"Любимый ресторан, всегда свежая еда."
2025-06-10,10,3,Google,"Принесли не то, что заказывали."
2025-06-11,2,5,Yandex,"Приятная атмосфера, вежливый персонал."
2025-06-11,4,3,internal,"Цены высокие, а качество низкое."
2025-06-11,5,5,internal,"Обслуживание на высоте, спасибо официанту Иван."
2025-06-11,7,3,Yandex,"Грязно в зале, нужно убирать."
2025-06-12,7,5,internal,"Быстро и вкусно, цены приемлемые."
2025-06-12,8,4,internal,"Отличное место, всё очень вкусно!"
2025-06-13,1,4,Yandex,"Любимый ресторан, всегда свежая еда."
2025-06-13,1,5,Yandex,Будем приходить ещё!
2025-06-13,2,5,internal,Будем приходить ещё!
2025-06-13,6,4,Yandex,"Любимый ресторан, всегда свежая еда."
2025-06-13,7,5,Yandex,Будем приходить ещё!
2025-06-15,3,5,Google,"Любимый ресторан, всегда свежая еда."
2025-06-15,4,5,Yandex,"Рекомендую всем, кто хочет вкусно поесть."
2025-06-16,1,4,Yandex,"Отличное место, всё очень вкусно!"
2025-06-16,3,4,Google,"Отличное место, всё очень вкусно!"
2025-06-16,8,4,internal,"Отличное место, всё очень вкусно!"
2025-06-16,9,4,Google,"Приятная атмосфера, вежливый персонал."
2025-06-16,10,4,Yandex,"Отличное место, всё очень вкусно!"
2025-06-17,6,4,Google,Будем приходить ещё!
2025-06-17,7,4,internal,"Приятная атмосфера, вежливый персонал."
2025-06-17,9,4,Google,"Приятная атмосфера, вежливый персонал."
2025-06-18,2,5,internal,Хорошее соотношение цены и качества.
2025-06-18,2,4,Yandex,"Приятная атмосфера, вежливый персонал."
2025-06-18,3,5,internal,"Обслуживание на высоте, спасибо официанту Иван."
2025-06-18,4,4,Yandex,"Заказывали Стейк, очень понравилось!"
2025-06-18,6,4,internal,"Отличное место, всё очень вкусно!"
2025-06-19,3,4,internal,"Быстро и вкусно, цены приемлемые."
2025-06-19,4,5,internal,"Отличное место, всё очень вкусно!"
2025-06-19,9,3,internal,"Грязно в зале, нужно убирать."
2025-06-19,9,2,Yandex,"Грязно в зале, нужно убирать."
2025-06-20,9,5,Yandex,"Приятная атмосфера, вежливый персонал."
2025-06-20,9,4,Google,"Быстро и вкусно, цены приемлемые."
2025-06-20,10,5,Google,"Любимый ресторан, всегда свежая еда."
2025-06-21,3,5,Yandex,"Отличное место, всё очень вкусно!"
2025-06-21,4,5,internal,Будем приходить ещё!
2025-06-21,5,5,internal,"Обслуживание на высоте, спасибо официанту Сергей."
2025-06-21,7,5,Yandex,"Любимый ресторан, всегда свежая еда."
2025-06-21,10,4,Yandex,"Любимый ресторан, всегда свежая еда."
2025-06-21,10,3,Google,"Еда была не очень, Борщ совсем не понравилось."
2025-06-22,9,4,internal,"Любимый ресторан, всегда свежая еда."
2025-06-23,4,4,Google,"Приятная атмосфера, вежливый персонал."
2025-06-23,4,5,Yandex,"Отличное место, всё очень вкусно!"
2025-06-24,3,3,internal,"Еда была не очень, Борщ совсем не понравилось."
2025-06-24,3,5,Yandex,Хорошее соотношение цены и качества.
2025-06-24,5,4,internal,Хорошее соотношение цены и качества.
2025-06-24,6,4,Google,Будем приходить ещё!
2025-06-24,10,5,Yandex,"Рекомендую всем, кто хочет вкусно поесть."
2025-06-24,10,4,internal,"Рекомендую всем, кто хочет вкусно поесть."
2025-06-25,5,4,Google,Будем приходить ещё!
2025-06-25,8,4,Yandex,"Приятная атмосфера, вежливый персонал."
2025-06-25,9,5,Yandex,"Приятная атмосфера, вежливый персонал."
2025-06-25,9,4,Yandex,Будем приходить ещё!
2025-06-26,2,2,internal,"Обслуживание ужасное, официант грубил."
2025-06-26,4,5,internal,Будем приходить ещё!
2025-06-26,8,5,Google,Хорошее соотношение цены и качества.
2025-06-26,10,4,Yandex,Хорошее соотношение цены и качества.
2025-06-26,10,3,internal,"Обслуживание ужасное, официант грубил."
2025-06-26,10,5,Yandex,"Отличное место, всё очень вкусно!"
2025-06-28,2,4,Yandex,"Быстро и вкусно, цены приемлемые."
2025-06-28,6,5,Google,"Рекомендую всем, кто хочет вкусно поесть."
2025-06-28,6,4,internal,"Приятная атмосфера, вежливый персонал."
2025-06-28,7,5,Yandex,Будем приходить ещё!
2025-06-29,4,3,internal,"Долго ждали заказ, больше часа."
2025-06-29,4,5,internal,Хорошее соотношение цены и качества.
2025-06-29,5,3,Google,"Обслуживание ужасное, официант грубил."
2025-06-29,9,5,Google,"Обслуживание на высоте, спасибо официанту Дмитрий."
2025-06-30,1,4,internal,Хорошее соотношение цены и качества.
2025-06-30,2,3,Google,"Грязно в зале, нужно убирать."
2025-06-30,4,5,Google,"Заказывали Кофе, очень понравилось!"
2025-06-30,7,4,Yandex,"Быстро и вкусно, цены приемлемые."
2025-06-30,8,4,internal,"Отличное место, всё очень вкусно!"
2025-07-01,8,5,internal,"Любимый ресторан, всегда свежая еда."
2025-07-01,9,5,Yandex,Хорошее соотношение цены и качества.
2025-07-02,6,4,internal,"Любимый ресторан, всегда свежая еда."
2025-07-02,6,2,Google,"Цены высокие, а качество низкое."
2025-07-02,7,5,Google,"Рекомендую всем, кто хочет вкусно поесть."
2025-07-02,9,3,internal,"Грязно в зале, нужно убирать."
2025-07-03,1,4,Google,Хорошее соотношение цены и качества.
2025-07-03,1,2,Google,"Цены высокие, а качество низкое."
2025-07-03,2,3,Yandex,"Грязно в зале, нужно убирать."
2025-07-03,3,4,internal,Хорошее соотношение цены и качества.
2025-07-03,6,1,Google,"Долго ждали заказ, больше часа."
2025-07-03,9,4,Google,"Отличное место, всё очень вкусно!"
2025-07-03,9,5,Google,"Рекомендую всем, кто хочет вкусно поесть."
2025-07-04,4,4,Yandex,"Обслуживание на высоте, спасибо официанту Дмитрий."
2025-07-04,6,5,Yandex,"Обслуживание на высоте, спасибо официанту Сергей."
2025-07-04,9,4,Google,"Обслуживание на высоте, спасибо официанту Наталья."
2025-07-05,5,5,Google,"Отличное место, всё очень вкусно!"
2025-07-05,5,4,Google,"Рекомендую всем, кто хочет вкусно поесть."
2025-07-05,7,5,Google,"Приятная атмосфера, вежливый персонал."
2025-07-06,2,3,Yandex,"Еда была не очень, Борщ совсем не понравилось."
2025-07-06,4,3,internal,"Еда была не очень, Курица совсем не понравилось."
2025-07-06,5,4,internal,"Приятная атмосфера, вежливый персонал."
2025-07-06,6,5,internal,"Приятная атмосфера, вежливый персонал."
2025-07-06,6,5,internal,"Обслуживание на высоте, спасибо официанту Михаил."
2025-07-06,8,5,Google,Хорошее соотношение цены и качества.
2025-07-06,9,5,internal,Хорошее соотношение цены и качества.
2025-07-07,2,5,Google,Хорошее соотношение цены и качества.
2025-07-07,3,5,Yandex,"Приятная атмосфера, вежливый персонал."
2025-07-07,4,5,Yandex,Будем приходить ещё!
2025-07-07,6,3,Yandex,"Грязно в зале, нужно убирать."
2025-07-08,5,5,Yandex,"Рекомендую всем, кто хочет вкусно поесть."
2025-07-08,5,3,Yandex,"Долго ждали заказ, больше часа."
2025-07-08,9,4,Yandex,"Приятная атмосфера, вежливый персонал."
2025-07-09,3,4,Yandex,"Отличное место, всё очень вкусно!"
2025-07-09,8,3,Google,"Принесли не то, что заказывали."
2025-07-10,9,1,internal,"Цены высокие, а качество низкое."
2025-07-11,5,5,internal,"Быстро и вкусно, цены приемлемые."
2025-07-11,10,4,Yandex,"Приятная атмосфера, вежливый персонал."
2025-07-12,5,4,Google,"Приятная атмосфера, вежливый персонал."
2025-07-12,7,5,Yandex,Будем приходить ещё!
2025-07-12,8,5,Google,Будем приходить ещё!
2025-07-14,3,5,Google,Будем приходить ещё!
2025-07-14,7,4,Google,"Быстро и вкусно, цены приемлемые."
2025-07-14,8,3,internal,"Принесли не то, что заказывали."
2025-07-14,9,5,internal,"Любимый ресторан, всегда свежая еда."
2025-07-14,10,5,internal,"Заказывали Стейк, очень понравилось!"
2025-07-14,10,2,Yandex,"Принесли не то, что заказывали."
2025-07-15,2,4,Yandex,"Приятная атмосфера, вежливый персонал."
2025-07-15,5,4,Google,"Любимый ресторан, всегда свежая еда."
2025-07-15,7,4,Yandex,"Обслуживание на высоте, спасибо официанту Наталья."
2025-07-15,7,5,internal,"Заказывали Пицца, очень понравилось!"
2025-07-15,7,5,Yandex,"Приятная атмосфера, вежливый персонал."
2025-07-16,3,4,internal,"Отличное место, всё очень вкусно!"
2025-07-16,5,5,Yandex,"Отличное место, всё очень вкусно!"
2025-07-16,9,4,internal,Хорошее соотношение цены и качества.
2025-07-17,6,4,Google,"Быстро и вкусно, цены приемлемые."
2025-07-17,8,4,Google,Хорошее соотношение цены и качества.
2025-07-19,1,4,Yandex,"Заказывали Борщ, очень понравилось!"
2025-07-19,2,5,Google,Будем приходить ещё!
2025-07-19,3,4,internal,"Любимый ресторан, всегда свежая еда."
2025-07-19,4,4,Yandex,"Отличное место, всё очень вкусно!"
2025-07-19,4,5,Google,Будем приходить ещё!
2025-07-19,4,5,Google,"Заказывали Кофе, очень понравилось!"
2025-07-19,5,5,internal,Будем приходить ещё!
2025-07-20,4,4,Yandex,Хорошее соотношение цены и качества.
2025-07-20,8,1,Yandex,"Грязно в зале, нужно убирать."
2025-07-20,10,3,internal,"Цены высокие, а качество низкое."
2025-07-21,5,4,Yandex,"Заказывали Борщ, очень понравилось!"
2025-07-21,9,4,internal,"Обслуживание на высоте, спасибо официанту Сергей."
2025-07-22,1,1,Yandex,"Еда была не очень, Пицца совсем не понравилось."
2025-07-22,4,4,Yandex,"Обслуживание на высоте, спасибо официанту Татьяна."
2025-07-23,1,3,internal,"Долго ждали заказ, больше часа."
2025-07-23,4,5,internal,"Обслуживание на высоте, спасибо официанту Ольга."
2025-07-23,5,5,Google,"Быстро и вкусно, цены приемлемые."
2025-07-23,8,5,Yandex,"Любимый ресторан, всегда свежая еда."
2025-07-24,4,4,internal,"Заказывали Цезарь, очень понравилось!"
2025-07-25,3,5,internal,"Любимый ресторан, всегда свежая еда."
2025-07-25,5,4,Yandex,Хорошее соотношение цены и качества.
2025-07-25,6,5,Yandex,"Рекомендую всем, кто хочет вкусно поесть."
2025-07-25,6,4,Yandex,"Любимый ресторан, всегда свежая еда."
2025-07-26,1,4,Yandex,Будем приходить ещё!
2025-07-26,6,5,Google,"Заказывали Пицца, очень понравилось!"
2025-07-26,7,4,internal,"Отличное место, всё очень вкусно!"
2025-07-26,9,5,Google,Будем приходить ещё!
2025-07-26,10,3,Google,"Еда была не очень, Паста совсем не понравилось."
2025-07-26,10,5,Google,"Быстро и вкусно, цены приемлемые."
2025-07-27,5,5,internal,"Обслуживание на высоте, спасибо официанту Андрей."
2025-07-28,7,3,Google,"Долго ждали заказ, больше часа."
2025-07-29,1,5,Google,"Рекомендую всем, кто хочет вкусно поесть."
2025-07-29,1,4,Yandex,Хорошее соотношение цены и качества.
2025-07-29,9,1,Google,"Обслуживание ужасное, официант грубил."
2025-07-30,3,5,internal,Хорошее соотношение цены и качества.
2025-07-30,5,4,Yandex,"Рекомендую всем, кто хочет вкусно поесть."
2025-07-30,7,5,Yandex,"Любимый ресторан, всегда свежая еда."
2025-07-31,2,3,Google,"Цены высокие, а качество низкое."
2025-07-31,7,4,internal,Будем приходить ещё!
2025-08-01,3,5,Yandex,"Заказывали Паста, очень понравилось!"
2025-08-01,7,5,internal,"Любимый ресторан, всегда свежая еда."
2025-08-01,8,5,Yandex,"Любимый ресторан, всегда свежая еда."
2025-08-01,10,4,internal,"Обслуживание на высоте, спасибо официанту Елена."
2025-08-02,1,4,Yandex,"Обслуживание на высоте, спасибо официанту Андрей."
2025-08-02,3,5,Google,"Заказывали Рыба, очень понравилось!"
2025-08-04,1,3,Yandex,"Обслуживание ужасное, официант грубил."
2025-08-04,4,4,Yandex,"Отличное место, всё очень вкусно!"
2025-08-04,10,4,internal,"Быстро и вкусно, цены приемлемые."
2025-08-05,7,4,Google,Хорошее соотношение цены и качества.
2025-08-05,8,2,internal,"Грязно в зале, нужно убирать."
2025-08-06,3,5,Google,"Обслуживание на высоте, спасибо официанту Сергей."
2025-08-07,5,5,Google,"Обслуживание на высоте, спасибо официанту Алексей."
2025-08-07,6,3,Google,"Обслуживание ужасное, официант грубил."
2025-08-08,10,4,Google,"Приятная атмосфера, вежливый персонал."
2025-08-09,4,4,internal,"Отличное место, всё очень вкусно!"
2025-08-09,7,5,Google,"Отличное место, всё очень вкусно!"
2025-08-10,4,5,Google,"Заказывали Курица, очень понравилось!"
2025-08-10,6,4,Google,"Заказывали Десерт, очень понравилось!"
2025-08-10,8,4,Yandex,"Рекомендую всем, кто хочет вкусно поесть."
2025-08-10,9,5,Google,Хорошее соотношение цены и качества.
2025-08-11,5,4,Yandex,Будем приходить ещё!
2025-08-12,5,3,Google,"Грязно в зале, нужно убирать."
2025-08-13,1,5,Google,"Быстро и вкусно, цены приемлемые."
2025-08-13,3,2,Google,"Принесли не то, что заказывали."
2025-08-13,6,4,Yandex,"Быстро и вкусно, цены приемлемые."
2025-08-13,7,3,Google,"Грязно в зале, нужно убирать."
2025-08-14,1,4,Google,"Рекомендую всем, кто хочет вкусно поесть."
2025-08-14,5,4,Yandex,Будем приходить ещё!
2025-08-14,6,5,Google,Хорошее соотношение цены и качества.
2025-08-14,7,4,Google,"Любимый ресторан, всегда свежая еда."
2025-08-15,1,5,Yandex,"Любимый ресторан, всегда свежая еда."
2025-08-15,3,5,internal,"Заказывали Курица, очень понравилось!"
2025-08-15,6,4,Yandex,Будем приходить ещё!
2025-08-15,7,5,Yandex,"Приятная атмосфера, вежливый персонал."
2025-08-15,9,5,Google,"Быстро и вкусно, цены приемлемые."
2025-08-15,10,4,internal,Хорошее соотношение цены и качества.
2025-08-16,1,2,internal,"Еда была не очень, Стейк совсем не понравилось."
2025-08-17,5,5,Yandex,"Заказывали Десерт, очень понравилось!"
2025-08-18,4,5,Yandex,Будем приходить ещё!
2025-08-18,7,5,Google,"Быстро и вкусно, цены приемлемые."
2025-08-18,10,4,Yandex,"Быстро и вкусно, цены приемлемые."
2025-08-19,4,4,Google,"Быстро и вкусно, цены приемлемые."
2025-08-19,7,4,Yandex,"Заказывали Борщ, очень понравилось!"
2025-08-19,7,5,Yandex,"Отличное место, всё очень вкусно!"
2025-08-19,10,4,Yandex,"Быстро и вкусно, цены приемлемые."
2025-08-20,3,4,Yandex,Хорошее соотношение цены и качества.
2025-08-20,4,1,Yandex,"Грязно в зале, нужно убирать."
2025-08-20,5,5,internal,Будем приходить ещё!
2025-08-20,5,4,Google,"Отличное место, всё очень вкусно!"
2025-08-21,7,5,Google,Хорошее соотношение цены и качества.
2025-08-21,7,5,Yandex,"Любимый ресторан, всегда свежая еда."
2025-08-21,10,5,internal,Будем приходить ещё!
2025-08-21,10,5,Yandex,"Обслуживание на высоте, спасибо официанту Наталья."
2025-08-22,2,4,internal,"Отличное место, всё очень вкусно!"
2025-08-22,5,4,internal,"Рекомендую всем, кто хочет вкусно поесть."
2025-08-23,6,5,internal,"Быстро и вкусно, цены приемлемые."
2025-08-24,7,5,Yandex,"Рекомендую всем, кто хочет вкусно поесть."
2025-08-24,8,4,Yandex,"Обслуживание на высоте, спасибо официанту Дмитрий."
2025-08-24,10,5,internal,Хорошее соотношение цены и качества.
2025-08-25,2,2,Google,"Цены высокие, а качество низкое."
2025-08-25,7,3,Yandex,"Принесли не то, что заказывали."
2025-08-25,7,3,Google,"Принесли не то, что заказывали."
2025-08-25,10,3,Yandex,"Грязно в зале, нужно убирать."
2025-08-26,1,2,Yandex,"Грязно в зале, нужно убирать."
2025-08-26,2,4,Yandex,"Любимый ресторан, всегда свежая еда."
2025-08-26,3,5,Yandex,"Заказывали Стейк, очень понравилось!"
2025-08-26,4,5,Google,"Отличное место, всё очень вкусно!"
2025-08-26,5,5,internal,"Любимый ресторан, всегда свежая еда."
2025-08-26,6,3,Yandex,"Грязно в зале, нужно убирать."
2025-08-26,7,4,internal,"Отличное место, всё очень вкусно!"
2025-08-26,9,4,internal,"Быстро и вкусно, цены приемлемые."
2025-08-27,1,4,Google,"Быстро и вкусно, цены приемлемые."
2025-08-27,2,5,internal,"Отличное место, всё очень вкусно!"
2025-08-27,6,5,Yandex,Хорошее соотношение цены и качества.
2025-08-27,6,4,Yandex,"Любимый ресторан, всегда свежая еда."
2025-08-27,8,4,Yandex,"Отличное место, всё очень вкусно!"
2025-08-27,10,4,internal,"Любимый ресторан, всегда свежая еда."
2025-08-27,10,4,internal,"Обслуживание на высоте, спасибо официанту Сергей."
2025-08-28,2,4,internal,"Обслуживание на высоте, спасибо официанту Сергей."
2025-08-28,2,3,internal,"Еда была не очень, Паста совсем не понравилось."
2025-08-28,3,5,internal,"Быстро и вкусно, цены приемлемые."
2025-08-28,6,1,Google,"Долго ждали заказ, больше часа."
2025-08-28,6,4,Google,"Быстро и вкусно, цены приемлемые."
2025-08-29,3,3,Google,"Обслуживание ужасное, официант грубил."
2025-08-29,7,5,Google,"Заказывали Цезарь, очень понравилось!"
2025-08-30,4,4,Google,"Быстро и вкусно, цены приемлемые."
2025-08-30,4,4,Google,Хорошее соотношение цены и качества.
2025-08-31,3,5,internal,"Обслуживание на высоте, спасибо официанту Андрей."
2025-08-31,5,4,Yandex,"Обслуживание на высоте, спасибо официанту Наталья."
2025-09-01,5,5,internal,"Отличное место, всё очень вкусно!"
2025-09-01,9,5,internal,"Любимый ресторан, всегда свежая еда."
2025-09-02,10,5,Yandex,Хорошее соотношение цены и качества.
2025-09-03,8,5,Google,"Обслуживание на высоте, спасибо официанту Михаил."
2025-09-03,10,5,Yandex,"Заказывали Пицца, очень понравилось!"
2025-09-04,1,5,internal,Будем приходить ещё!
2025-09-04,5,4,internal,"Быстро и вкусно, цены приемлемые."
2025-09-04,5,5,internal,Хорошее соотношение цены и качества.
2025-09-04,5,4,Google,"Обслуживание на высоте, спасибо официанту Елена."
2025-09-04,6,4,Yandex,Будем приходить ещё!
2025-09-05,2,5,internal,"Отличное место, всё очень вкусно!"
2025-09-05,4,5,internal,"Быстро и вкусно, цены приемлемые."
2025-09-05,5,4,Google,"Любимый ресторан, всегда свежая еда."
2025-09-05,6,5,Yandex,"Любимый ресторан, всегда свежая еда."
2025-09-05,9,3,internal,"Принесли не то, что заказывали."
2025-09-05,10,4,Yandex,"Рекомендую всем, кто хочет вкусно поесть."
2025-09-06,3,5,Yandex,"Заказывали Пицца, очень понравилось!"
2025-09-06,7,2,Yandex,"Принесли не то, что заказывали."
2025-09-06,8,5,internal,"Быстро и вкусно, цены приемлемые."
2025-09-07,5,5,internal,"Отличное место, всё очень вкусно!"
2025-09-07,7,5,internal,"Заказывали Кофе, очень понравилось!"
2025-09-09,6,4,Yandex,Хорошее соотношение цены и качества.
2025-09-09,6,4,Google,"Рекомендую всем, кто хочет вкусно поесть."
2025-09-09,9,3,Yandex,"Долго ждали заказ, больше часа."
2025-09-10,5,5,Yandex,Хорошее соотношение цены и качества.
2025-09-10,9,4,Yandex,Будем приходить ещё!
2025-09-10,10,4,internal,"Отличное место, всё очень вкусно!"
2025-09-11,1,5,Google,"Приятная атмосфера, вежливый персонал."
2025-09-11,1,5,Yandex,"Любимый ресторан, всегда свежая еда."
2025-09-11,9,2,Google,"Грязно в зале, нужно убирать."
2025-09-12,1,5,Yandex,"Отличное место, всё очень вкусно!"
2025-09-12,3,4,internal,"Любимый ресторан, всегда свежая еда."
2025-09-13,4,5,internal,Хорошее соотношение цены и качества.
2025-09-13,4,4,internal,"Быстро и вкусно, цены приемлемые."
2025-09-13,4,5,Google,"Рекомендую всем, кто хочет вкусно поесть."
2025-09-13,5,5,Google,"Обслуживание на высоте, спасибо официанту Татьяна."
2025-09-13,5,4,Yandex,"Быстро и вкусно, цены приемлемые."
2025-09-14,1,4,Yandex,"Заказывали Цезарь, очень понравилось!"
2025-09-14,8,4,Yandex,Хорошее соотношение цены и качества.
2025-09-14,9,3,internal,"Еда была не очень, Пицца совсем не понравилось."
2025-09-14,10,1,internal,"Долго ждали заказ, больше часа."
2025-09-17,5,5,Yandex,Хорошее соотношение цены и качества.
2025-09-17,5,5,internal,Хорошее соотношение цены и качества.
2025-09-19,2,4,Google,"Заказывали Борщ, очень понравилось!"
2025-09-19,6,5,Yandex,"Обслуживание на высоте, спасибо официанту Андрей."
2025-09-19,9,5,internal,"Обслуживание на высоте, спасибо официанту Андрей."
2025-09-20,9,4,internal,"Приятная атмосфера, вежливый персонал."
2025-09-21,3,5,Google,"Рекомендую всем, кто хочет вкусно поесть."
2025-09-21,4,4,internal,Будем приходить ещё!
2025-09-21,5,3,Google,"Долго ждали заказ, больше часа."
2025-09-21,8,5,Yandex,"Приятная атмосфера, вежливый персонал."
2025-09-22,10,5,Google,"Обслуживание на высоте, спасибо официанту Сергей."
2025-09-23,1,5,Google,"Быстро и вкусно, цены приемлемые."
2025-09-23,3,4,internal,"Рекомендую всем, кто хочет вкусно поесть."
2025-09-23,4,4,Google,"Заказывали Рыба, очень понравилось!"
2025-09-23,10,5,Google,"Рекомендую всем, кто хочет вкусно поесть."
2025-09-24,6,4,Google,Будем приходить ещё!
2025-09-24,10,5,internal,"Отличное место, всё очень вкусно!"
2025-09-24,10,5,Yandex,"Отличное место, всё очень вкусно!"
2025-09-25,10,5,Google,Будем приходить ещё!
2025-09-26,5,2,internal,"Долго ждали заказ, больше часа."
2025-09-27,9,3,internal,"Грязно в зале, нужно убирать."
2025-09-27,10,5,Yandex,"Отличное место, всё очень вкусно!"
2025-09-28,2,3,Yandex,"Обслуживание ужасное, официант грубил."
2025-09-28,4,5,Yandex,"Быстро и вкусно, цены приемлемые."
2025-09-28,6,4,internal,Хорошее соотношение цены и качества.
2025-09-28,6,4,Google,"Обслуживание на высоте, спасибо официанту Михаил."
2025-09-29,3,4,Google,"Приятная атмосфера, вежливый персонал."
2025-09-30,5,4,Yandex,Будем приходить ещё!
2025-09-30,6,3,Google,"Принесли не то, что заказывали."
2025-10-01,8,5,Google,"Рекомендую всем, кто хочет вкусно поесть."
2025-10-01,8,3,Yandex,"Еда была не очень, Борщ совсем не понравилось."
2025-10-02,3,5,Yandex,"Любимый ресторан, всегда свежая еда."
2025-10-02,4,4,Yandex,"Любимый ресторан, всегда свежая еда."
2025-10-02,5,4,Yandex,"Приятная атмосфера, вежливый персонал."
2025-10-03,1,5,Yandex,"Обслуживание на высоте, спасибо официанту Алексей."
2025-10-03,2,4,Google,Хорошее соотношение цены и качества.
2025-10-03,3,5,Yandex,"Отличное место, всё очень вкусно!"
2025-10-03,9,5,internal,"Отличное место, всё очень вкусно!"
2025-10-04,2,4,Google,"Быстро и вкусно, цены приемлемые."
2025-10-04,5,4,Yandex,"Быстро и вкусно, цены приемлемые."
2025-10-04,5,4,internal,"Приятная атмосфера, вежливый персонал."
2025-10-04,6,5,Yandex,Будем приходить ещё!
2025-10-04,10,5,Yandex,"Рекомендую всем, кто хочет вкусно поесть."
2025-10-06,1,5,Google,"Быстро и вкусно, цены приемлемые."
2025-10-06,1,5,Yandex,Будем приходить ещё!
2025-10-06,3,4,Yandex,"Отличное место, всё очень вкусно!"
2025-10-07,1,4,Yandex,Будем приходить ещё!
2025-10-07,5,4,Yandex,"Любимый ресторан, всегда свежая еда."
2025-10-07,10,4,Yandex,"Приятная атмосфера, вежливый персонал."
2025-10-08,5,4,Yandex,"Рекомендую всем, кто хочет вкусно поесть."
2025-10-08,10,4,internal,"Рекомендую всем, кто хочет вкусно поесть."
2025-10-09,1,5,Yandex,"Обслуживание на высоте, спасибо официанту Андрей."
2025-10-09,2,5,Yandex,Хорошее соотношение цены и качества.
2025-10-09,5,3,internal,"Принесли не то, что заказывали."
2025-10-09,7,5,Google,"Отличное место, всё очень вкусно!"
2025-10-09,9,3,Google,"Цены высокие, а качество низкое."
2025-10-09,9,4,internal,"Рекомендую всем, кто хочет вкусно поесть."
2025-10-09,9,5,internal,"Быстро и вкусно, цены приемлемые."
2025-10-09,10,5,Yandex,Будем приходить ещё!
2025-10-10,2,5,internal,"Заказывали Рыба, очень понравилось!"
2025-10-10,3,5,internal,"Приятная атмосфера, вежливый персонал."
2025-10-10,5,5,Google,"Приятная атмосфера, вежливый персонал."
2025-10-10,7,5,Google,"Обслуживание на высоте, спасибо официанту Елена."
2025-10-10,7,5,Yandex,"Заказывали Пицца, очень понравилось!"
2025-10-11,3,4,Google,"Приятная атмосфера, вежливый персонал."
2025-10-11,3,3,Google,"Обслуживание ужасное, официант грубил."
2025-10-11,3,1,Google,"Долго ждали заказ, больше часа."
2025-10-12,1,3,internal,"Долго ждали заказ, больше часа."
2025-10-12,1,5,Yandex,"Быстро и вкусно, цены приемлемые."
2025-10-12,4,4,internal,"Приятная атмосфера, вежливый персонал."
2025-10-12,8,5,Google,"Отличное место, всё очень вкусно!"
2025-10-13,3,4,internal,"Отличное место, всё очень вкусно!"
2025-10-13,8,5,Yandex,"Приятная атмосфера, вежливый персонал."
2025-10-14,1,4,Google,"Заказывали Борщ, очень понравилось!"
2025-10-14,9,1,Yandex,"Принесли не то, что заказывали."
2025-10-15,1,4,Google,Хорошее соотношение цены и качества.
2025-10-15,5,4,Google,"Приятная атмосфера, вежливый персонал."
2025-10-15,7,4,Yandex,"Любимый ресторан, всегда свежая еда."
2025-10-15,8,1,internal,"Цены высокие, а качество низкое."
2025-10-16,1,5,Google,"Быстро и вкусно, цены приемлемые."
2025-10-16,4,3,Google,"Еда была не очень, Пицца совсем не понравилось."
2025-10-16,9,4,internal,"Заказывали Паста, очень понравилось!"
2025-10-17,1,4,Google,"Приятная атмосфера, вежливый персонал."
2025-10-17,1,4,Google,Хорошее соотношение цены и качества.
2025-10-17,4,4,Yandex,"Любимый ресторан, всегда свежая еда."
2025-10-17,5,4,Google,"Рекомендую всем, кто хочет вкусно поесть."
2025-10-17,6,5,internal,Хорошее соотношение цены и качества.
2025-10-18,3,4,Yandex,"Обслуживание на высоте, спасибо официанту Андрей."
2025-10-18,5,3,internal,"Грязно в зале, нужно убирать."
2025-10-18,6,3,internal,"Цены высокие, а качество низкое."
2025-10-18,8,4,Yandex,"Быстро и вкусно, цены приемлемые."
2025-10-18,8,5,Google,"Быстро и вкусно, цены приемлемые."
2025-10-19,8,5,Google,"Приятная атмосфера, вежливый персонал."
2025-10-19,9,5,Google,"Заказывали Курица, очень понравилось!"
2025-10-20,4,4,Yandex,"Рекомендую всем, кто хочет вкусно поесть."
2025-10-20,5,4,internal,"Отличное место, всё очень вкусно!"
2025-10-21,1,4,Google,"Рекомендую всем, кто хочет вкусно поесть."
2025-10-21,10,2,internal,"Еда была не очень, Борщ совсем не понравилось."
2025-10-21,10,4,Yandex,"Обслуживание на высоте, спасибо официанту Ольга."
2025-10-22,3,5,internal,Будем приходить ещё!
2025-10-22,8,3,Yandex,"Грязно в зале, нужно убирать."
2025-10-22,10,5,Google,"Отличное место, всё очень вкусно!"
2025-10-23,1,4,Yandex,Будем приходить ещё!
2025-10-23,1,4,Yandex,"Обслуживание на высоте, спасибо официанту Наталья."
2025-10-23,3,4,internal,"Быстро и вкусно, цены приемлемые."
2025-10-24,1,5,Yandex,Будем приходить ещё!
2025-10-24,3,5,internal,"Приятная атмосфера, вежливый персонал."
2025-10-24,6,3,internal,"Еда была не очень, Цезарь совсем не понравилось."
2025-10-25,1,5,internal,"Рекомендую всем, кто хочет вкусно поесть."
2025-10-27,3,5,internal,"Отличное место, всё очень вкусно!"
2025-10-27,4,4,internal,Будем приходить ещё!
2025-10-27,6,3,Google,"Принесли не то, что заказывали."
2025-10-27,8,1,Google,"Долго ждали заказ, больше часа."
2025-10-27,8,5,Yandex,"Быстро и вкусно, цены приемлемые."
2025-10-27,10,5,Yandex,"Любимый ресторан, всегда свежая еда."
2025-10-28,2,5,Yandex,"Любимый ресторан, всегда свежая еда."
2025-10-28,7,3,Yandex,"Еда была не очень, Стейк совсем не понравилось."
2025-10-28,9,4,internal,"Быстро и вкусно, цены приемлемые."
2025-10-29,1,5,internal,"Рекомендую всем, кто хочет вкусно поесть."
2025-10-29,3,5,Yandex,"Отличное место, всё очень вкусно!"
2025-10-29,3,4,Yandex,"Любимый ресторан, всегда свежая еда."
2025-10-29,5,3,Yandex,"Еда была не очень, Стейк совсем не понравилось."
2025-10-29,6,5,internal,"Рекомендую всем, кто хочет вкусно поесть."
2025-10-29,7,4,Google,Будем приходить ещё!
2025-10-29,10,3,Google,"Обслуживание ужасное, официант грубил."
2025-10-29,10,5,Google,"Рекомендую всем, кто хочет вкусно поесть."
2025-10-30,4,4,Google,"Обслуживание на высоте, спасибо официанту Михаил."
2025-10-30,6,4,internal,"Приятная атмосфера, вежливый персонал."
2025-10-30,6,5,internal,"Рекомендую всем, кто хочет вкусно поесть."
2025-10-30,7,5,internal,"Любимый ресторан, всегда свежая еда."
2025-10-30,7,5,internal,"Любимый ресторан, всегда свежая еда."
2025-10-30,8,5,Google,"Обслуживание на высоте, спасибо официанту Татьяна."
2025-10-30,9,4,internal,"Отличное место, всё очень вкусно!"
2025-10-31,2,4,Yandex,"Рекомендую всем, кто хочет вкусно поесть."
2025-10-31,8,5,Yandex,"Приятная атмосфера, вежливый персонал."
2025-11-01,1,5,Google,Будем приходить ещё!
2025-11-01,3,4,internal,"Любимый ресторан, всегда свежая еда."
2025-11-01,3,4,Google,"Рекомендую всем, кто хочет вкусно поесть."
2025-11-01,4,4,Yandex,Хорошее соотношение цены и качества.
2025-11-01,7,4,Google,"Рекомендую всем, кто хочет вкусно поесть."
2025-11-01,9,5,Google,Будем приходить ещё!
2025-11-02,1,5,internal,"Отличное место, всё очень вкусно!"
2025-11-02,5,5,Yandex,"Быстро и вкусно, цены приемлемые."
2025-11-02,7,4,Yandex,"Обслуживание на высоте, спасибо официанту Сергей."
2025-11-02,7,4,internal,"Рекомендую всем, кто хочет вкусно поесть."
2025-11-02,10,5,Google,Хорошее соотношение цены и качества.
2025-11-03,9,5,Yandex,"Обслуживание на высоте, спасибо официанту Елена."
2025-11-03,9,2,internal,"Еда была не очень, Десерт совсем не понравилось."
2025-11-04,3,5,internal,"Заказывали Борщ, очень понравилось!"
2025-11-04,5,4,internal,"Обслуживание на высоте, спасибо официанту Андрей."
2025-11-04,8,5,Google,Будем приходить ещё!
2025-11-04,10,5,internal,"Заказывали Кофе, очень понравилось!"
2025-11-05,1,3,Google,"Обслуживание ужасное, официант грубил."
2025-11-05,2,5,Yandex,Хорошее соотношение цены и качества.
2025-11-06,2,4,Google,"Быстро и вкусно, цены приемлемые."
2025-11-06,3,4,Google,"Отличное место, всё очень вкусно!"
2025-11-06,9,5,Yandex,Будем приходить ещё!
2025-11-07,4,5,Google,Будем приходить ещё!
2025-11-07,10,4,internal,"Быстро и вкусно, цены приемлемые."
2025-11-08,1,3,Yandex,"Принесли не то, что заказывали."
2025-11-08,3,4,internal,"Рекомендую всем, кто хочет вкусно поесть."
2025-11-08,4,4,Yandex,"Обслуживание на высоте, спасибо официанту Дмитрий."
2025-11-08,7,4,Google,"Заказывали Рыба, очень понравилось!"
2025-11-08,9,4,internal,"Обслуживание на высоте, спасибо официанту Елена."
2025-11-09,5,4,Yandex,Будем приходить ещё!
2025-11-10,1,5,Google,"Рекомендую всем, кто хочет вкусно поесть."
2025-11-10,3,4,Google,"Рекомендую всем, кто хочет вкусно поесть."
2025-11-10,4,4,Yandex,"Рекомендую всем, кто хочет вкусно поесть."
2025-11-10,5,1,internal,"Принесли не то, что заказывали."
2025-11-10,7,5,internal,"Обслуживание на высоте, спасибо официанту Сергей."
2025-11-10,8,5,internal,"Отличное место, всё очень вкусно!"
2025-11-11,1,5,Yandex,"Любимый ресторан, всегда свежая еда."
2025-11-11,5,4,Yandex,"Приятная атмосфера, вежливый персонал."
2025-11-12,5,1,Google,"Еда была не очень, Рыба совсем не понравилось."
2025-11-13,1,5,Yandex,"Заказывали Цезарь, очень понравилось!"
2025-11-14,1,5,Google,"Обслуживание на высоте, спасибо официанту Андрей."
2025-11-14,9,5,Google,"Заказывали Борщ, очень понравилось!"
2025-11-15,5,3,Yandex,"Долго ждали заказ, больше часа."
2025-11-15,7,3,internal,"Еда была не очень, Цезарь совсем не понравилось."
2025-11-15,10,4,Yandex,"Заказывали Курица, очень понравилось!"
2025-11-15,10,5,internal,Будем приходить ещё!
2025-11-16,2,2,Yandex,"Долго ждали заказ, больше часа."
2025-11-16,2,4,internal,"Обслуживание на высоте, спасибо официанту Михаил."
2025-11-16,6,4,internal,"Обслуживание на высоте, спасибо официанту Андрей."
2025-11-16,7,2,internal,"Еда была не очень, Рыба совсем не понравилось."
2025-11-17,6,3,internal,"Грязно в зале, нужно убирать."
2025-11-17,7,2,Google,"Еда была не очень, Пицца совсем не понравилось."
2025-11-17,10,4,Google,"Заказывали Пицца, очень понравилось!"
2025-11-18,2,4,Google,"Отличное место, всё очень вкусно!"
2025-11-18,4,5,internal,"Отличное место, всё очень вкусно!"
2025-11-18,5,5,internal,Хорошее соотношение цены и качества.
2025-11-19,1,5,Google,"Любимый ресторан, всегда свежая еда."
2025-11-19,2,5,Yandex,"Заказывали Курица, очень понравилось!"
2025-11-19,4,4,Yandex,"Заказывали Десерт, очень понравилось!"
2025-11-19,6,3,Yandex,"Грязно в зале, нужно убирать."
2025-11-19,8,4,Yandex,"Быстро и вкусно, цены приемлемые."
2025-11-19,10,5,Yandex,Будем приходить ещё!
2025-11-19,10,4,Yandex,"Приятная атмосфера, вежливый персонал."
2025-11-20,1,5,internal,"Обслуживание на высоте, спасибо официанту Татьяна."
2025-11-20,2,4,Yandex,"Приятная атмосфера, вежливый персонал."
2025-11-20,8,5,Yandex,"Отличное место, всё очень вкусно!"
2025-11-20,9,4,Yandex,"Рекомендую всем, кто хочет вкусно поесть."
2025-11-21,2,5,Yandex,"Обслуживание на высоте, спасибо официанту Дмитрий."
2025-11-21,6,5,internal,Хорошее соотношение цены и качества.
2025-11-22,3,5,internal,"Отличное место, всё очень вкусно!"
2025-11-22,4,4,Yandex,"Любимый ресторан, всегда свежая еда."
2025-11-22,4,4,Google,Будем приходить ещё!
2025-11-22,7,5,internal,"Приятная атмосфера, вежливый персонал."
2025-11-23,4,4,Yandex,"Обслуживание на высоте, спасибо официанту Андрей."
2025-11-23,9,3,Google,"Долго ждали заказ, больше часа."
2025-11-23,10,4,internal,"Обслуживание на высоте, спасибо официанту Михаил."
2025-11-23,10,3,Yandex,"Грязно в зале, нужно убирать."
2025-11-24,3,4,internal,"Обслуживание на высоте, спасибо официанту Михаил."
2025-11-24,4,4,Google,"Любимый ресторан, всегда свежая еда."
2025-11-24,5,4,Yandex,"Обслуживание на высоте, спасибо официанту Ольга."
2025-11-25,4,4,internal,Будем приходить ещё!
2025-11-25,8,2,Yandex,"Обслуживание ужасное, официант грубил."
2025-11-25,10,4,Yandex,"Рекомендую всем, кто хочет вкусно поесть."
2025-11-26,6,4,Google,"Рекомендую всем, кто хочет вкусно поесть."
2025-11-26,10,4,Yandex,"Любимый ресторан, всегда свежая еда."
2025-11-27,6,5,internal,Хорошее соотношение цены и качества.
2025-11-27,9,4,Yandex,"Любимый ресторан, всегда свежая еда."
2025-11-28,6,4,internal,Будем приходить ещё!
2025-11-28,8,5,Google,"Быстро и вкусно, цены приемлемые."
2025-11-28,9,5,Google,Хорошее соотношение цены и качества.
2025-11-29,1,5,Google,"Заказывали Борщ, очень понравилось!"
2025-11-29,1,4,Google,"Рекомендую всем, кто хочет вкусно поесть."
2025-11-29,7,5,Yandex,"Рекомендую всем, кто хочет вкусно поесть."
2025-11-29,10,5,Yandex,Хорошее соотношение цены и качества.
2025-11-29,10,3,internal,"Обслуживание ужасное, официант грубил."
2025-11-30,1,5,Google,"Любимый ресторан, всегда свежая еда."
2025-11-30,3,4,Google,"Обслуживание на высоте, спасибо официанту Андрей."
2025-11-30,6,5,Yandex,Будем приходить ещё!
2025-11-30,7,4,Yandex,Хорошее соотношение цены и качества.
2025-11-30,7,4,Google,Хорошее соотношение цены и качества.
2025-11-30,10,4,internal,"Заказывали Пицца, очень понравилось!"
2025-12-01,1,5,Yandex,"Отличное место, всё очень вкусно!"
2025-12-01,1,5,Google,"Заказывали Курица, очень понравилось!"
2025-12-01,8,4,Google,"Быстро и вкусно, цены приемлемые."
2025-12-02,1,5,internal,"Обслуживание на высоте, спасибо официанту Сергей."
2025-12-02,3,2,Yandex,"Грязно в зале, нужно убирать."
2025-12-03,6,5,Google,"Приятная атмосфера, вежливый персонал."
2025-12-04,1,5,Yandex,Хорошее соотношение цены и качества.
2025-12-04,5,3,Google,"Еда была не очень, Рыба совсем не понравилось."
2025-12-04,6,5,internal,"Приятная атмосфера, вежливый персонал."
2025-12-04,8,4,Yandex,"Отличное место, всё очень вкусно!"
2025-12-04,8,5,Google,Хорошее соотношение цены и качества.
2025-12-04,10,5,Google,Будем приходить ещё!
2025-12-05,2,4,Google,Будем приходить ещё!
2025-12-05,3,5,Google,"Заказывали Пицца, очень понравилось!"
2025-12-05,6,4,internal,"Обслуживание на высоте, спасибо официанту Андрей."
2025-12-05,8,4,Google,"Любимый ресторан, всегда свежая еда."
2025-12-07,2,5,Yandex,"Любимый ресторан, всегда свежая еда."
2025-12-07,4,4,Google,"Заказывали Десерт, очень понравилось!"
2025-12-07,9,5,Google,"Заказывали Десерт, очень понравилось!"
2025-12-07,9,4,internal,"Заказывали Цезарь, очень понравилось!"
2025-12-08,2,4,Yandex,"Любимый ресторан, всегда свежая еда."
2025-12-08,6,4,internal,"Любимый ресторан, всегда свежая еда."
2025-12-08,10,4,internal,"Приятная атмосфера, вежливый персонал."
2025-12-08,10,3,internal,"Долго ждали заказ, больше часа."
2025-12-09,3,5,Google,"Рекомендую всем, кто хочет вкусно поесть."
2025-12-11,3,5,Google,"Заказывали Паста, очень понравилось!"
2025-12-11,6,5,Google,"Любимый ресторан, всегда свежая еда."
2025-12-11,7,4,Yandex,"Заказывали Стейк, очень понравилось!"
2025-12-11,9,4,Google,Хорошее соотношение цены и качества.
2025-12-12,1,5,Yandex,"Отличное место, всё очень вкусно!"
2025-12-12,4,4,Google,"Отличное место, всё очень вкусно!"
2025-12-12,9,5,internal,Будем приходить ещё!
2025-12-13,2,4,Google,Хорошее соотношение цены и качества.
2025-12-13,8,5,internal,"Заказывали Курица, очень понравилось!"
2025-12-13,9,2,Yandex,"Обслуживание ужасное, официант грубил."
2025-12-14,4,2,Yandex,"Грязно в зале, нужно убирать."
2025-12-14,4,5,Yandex,"Рекомендую всем, кто хочет вкусно поесть."
2025-12-14,7,4,Yandex,"Обслуживание на высоте, спасибо официанту Татьяна."
2025-12-15,2,4,Google,Хорошее соотношение цены и качества.
2025-12-15,5,4,Google,"Отличное место, всё очень вкусно!"
2025-12-15,7,5,Yandex,"Отличное место, всё очень вкусно!"
2025-12-16,4,4,Google,"Отличное место, всё очень вкусно!"
2025-12-16,5,5,Google,"Обслуживание на высоте, спасибо официанту Алексей."
2025-12-16,6,4,Yandex,Хорошее соотношение цены и качества.
2025-12-16,9,2,internal,"Еда была не очень, Пицца совсем не понравилось."
2025-12-17,8,5,Google,"Обслуживание на высоте, спасибо официанту Татьяна."
2025-12-17,10,5,Google,Будем приходить ещё!
2025-12-18,1,5,Yandex,"Заказывали Десерт, очень понравилось!"
2025-12-18,1,4,internal,"Отличное место, всё очень вкусно!"
2025-12-18,6,2,Google,"Грязно в зале, нужно убирать."
2025-12-19,1,4,internal,"Обслуживание на высоте, спасибо официанту Андрей."
2025-12-19,3,5,Yandex,"Приятная атмосфера, вежливый персонал."
2025-12-19,7,4,Google,"Заказывали Десерт, очень понравилось!"
2025-12-19,8,5,internal,"Заказывали Цезарь, очень понравилось!"
2025-12-19,10,3,Yandex,"Долго ждали заказ, больше часа."
2025-12-20,2,5,internal,Будем приходить ещё!
2025-12-21,6,5,Google,Будем приходить ещё!
2025-12-22,6,4,Yandex,Будем приходить ещё!
2025-12-22,6,1,internal,"Принесли не то, что заказывали."
2025-12-22,10,5,Google,"Отличное место, всё очень вкусно!"
2025-12-23,2,5,internal,Хорошее соотношение цены и качества.
2025-12-23,6,4,Google,"Отличное место, всё очень вкусно!"
2025-12-23,7,4,Google,"Любимый ресторан, всегда свежая еда."
2025-12-24,4,5,Yandex,"Любимый ресторан, всегда свежая еда."
2025-12-24,5,4,Yandex,"Быстро и вкусно, цены приемлемые."
2025-12-25,2,5,internal,"Быстро и вкусно, цены приемлемые."
2025-12-25,6,5,Yandex,"Обслуживание на высоте, спасибо официанту Ольга."
2025-12-26,1,3,internal,"Долго ждали заказ, больше часа."
2025-12-26,2,5,Google,"Быстро и вкусно, цены приемлемые."
2025-12-26,2,5,internal,"Приятная атмосфера, вежливый персонал."
2025-12-27,2,4,Yandex,"Любимый ресторан, всегда свежая еда."
2025-12-27,5,5,Yandex,"Обслуживание на высоте, спасибо официанту Татьяна."
2025-12-27,6,4,Yandex,"Приятная атмосфера, вежливый персонал."
2025-12-28,6,5,Google,"Приятная атмосфера, вежливый персонал."
2025-12-29,4,5,internal,"Приятная атмосфера, вежливый персонал."
2025-12-29,10,3,Google,"Долго ждали заказ, больше часа."
2025-12-30,3,4,Yandex,Хорошее соотношение цены и качества.
2025-12-30,8,4,internal,Хорошее соотношение цены и качества.
2025-12-30,9,4,internal,"Заказывали Кофе, очень понравилось!"
2025-12-31,2,5,Google,"Быстро и вкусно, цены приемлемые."
2025-12-31,2,3,internal,"Обслуживание ужасное, официант грубил."
2025-12-31,7,3,Yandex,"Цены высокие, а качество низкое."
2025-12-31,7,4,Google,Будем приходить ещё!
2026-01-01,5,5,Google,"Приятная атмосфера, вежливый персонал."
2026-01-01,6,4,Yandex,Хорошее соотношение цены и качества.
2026-01-01,8,3,Yandex,"Ждали горячее 40 минут, в итоге принесли холодным."
2026-01-01,10,5,internal,"Быстро и вкусно, цены приемлемые."
2026-01-02,1,5,Google,Будем приходить ещё!
2026-01-02,6,4,Yandex,Хорошее соотношение цены и качества.
2026-01-02,8,5,Yandex,"Рекомендую всем, кто хочет вкусно поесть."
2026-01-03,1,4,internal,Хорошее соотношение цены и качества.
2026-01-03,1,5,internal,"Заказывали Десерт, очень понравилось!"
2026-01-03,2,4,internal,"Отличное место, всё очень вкусно!"
2026-01-03,5,5,Yandex,"Быстро и вкусно, цены приемлемые."
2026-01-03,6,4,Google,Будем приходить ещё!
2026-01-03,8,5,Yandex,"Любимый ресторан, всегда свежая еда."
2026-01-04,1,4,internal,"Отличное место, всё очень вкусно!"
2026-01-04,2,4,Google,"Рекомендую всем, кто хочет вкусно поесть."
2026-01-04,9,4,internal,"Обслуживание на высоте, спасибо официанту Дмитрий."
2026-01-05,5,5,internal,"Приятная атмосфера, вежливый персонал."
2026-01-05,5,5,internal,"Отличное место, всё очень вкусно!"
2026-01-05,9,4,internal,"Быстро и вкусно, цены приемлемые."
2026-01-06,7,1,internal,"Принесли не то, что заказывали."
2026-01-06,7,5,internal,"Приятная атмосфера, вежливый персонал."
2026-01-07,1,5,Yandex,Будем приходить ещё!
2026-01-07,3,5,Yandex,"Отличное место, всё очень вкусно!"
2026-01-07,7,4,Yandex,"Отличное место, всё очень вкусно!"
2026-01-07,7,5,internal,Будем приходить ещё!
2026-01-07,9,5,Google,"Заказывали Цезарь, очень понравилось!"
2026-01-08,4,4,Yandex,"Любимый ресторан, всегда свежая еда."
2026-01-09,2,5,Yandex,"Приятная атмосфера, вежливый персонал."
2026-01-09,4,5,internal,"Рекомендую всем, кто хочет вкусно поесть."
2026-01-10,3,5,internal,"Отличное место, всё очень вкусно!"
2026-01-10,4,4,Yandex,Хорошее соотношение цены и качества.
2026-01-10,5,3,Yandex,"Еда была не очень, Кофе совсем не понравилось."
2026-01-10,8,4,Yandex,"Обслуживание на высоте, спасибо официанту Елена."
2026-01-11,8,5,internal,"Рекомендую всем, кто хочет вкусно поесть."
2026-01-12,4,5,internal,Будем приходить ещё!
2026-01-12,8,3,internal,"Долго ждали заказ, больше часа."
2026-01-13,2,4,Google,"Быстро и вкусно, цены приемлемые."
2026-01-13,4,5,Google,"Быстро и вкусно, цены приемлемые."
2026-01-14,6,5,internal,Будем приходить ещё!
2026-01-15,1,5,internal,"Любимый ресторан, всегда свежая еда."
2026-01-15,4,5,internal,Будем приходить ещё!
2026-01-15,8,2,internal,"Ждали горячее 40 минут, в итоге принесли холодным."
2026-01-15,8,2,Yandex,"Повар явно новый, мясо пересушено."
2026-01-15,9,3,Yandex,"Обслуживание ужасное, официант грубил."
2026-01-16,4,4,Google,"Рекомендую всем, кто хочет вкусно поесть."
2026-01-16,8,4,internal,"Рекомендую всем, кто хочет вкусно поесть."
2026-01-17,4,4,Google,"Обслуживание на высоте, спасибо официанту Михаил."
2026-01-17,7,5,Google,"Приятная атмосфера, вежливый персонал."
2026-01-17,7,5,Yandex,Хорошее соотношение цены и качества.
2026-01-18,1,5,Yandex,"Быстро и вкусно, цены приемлемые."
2026-01-18,3,3,internal,"Принесли не то, что заказывали."
2026-01-18,5,2,Google,"Грязно в зале, нужно убирать."
2026-01-18,10,4,internal,"Рекомендую всем, кто хочет вкусно поесть."
2026-01-19,3,3,internal,"Заказали стейк — попросили medium, принесли well done."
2026-01-19,4,3,Yandex,"Обслуживание ужасное, официант грубил."
2026-01-19,7,3,Google,"Долго ждали заказ, больше часа."
2026-01-19,7,1,Yandex,"Долго ждали заказ, больше часа."
2026-01-19,9,5,internal,"Рекомендую всем, кто хочет вкусно поесть."
2026-01-20,1,4,Google,"Любимый ресторан, всегда свежая еда."
2026-01-20,8,3,internal,"Еда была не очень, Десерт совсем не понравилось."
2026-01-21,4,5,Google,Будем приходить ещё!
2026-01-22,6,5,internal,"Рекомендую всем, кто хочет вкусно поесть."
2026-01-22,10,4,Google,Будем приходить ещё!
2026-01-23,2,4,Google,"Рекомендую всем, кто хочет вкусно поесть."
2026-01-23,5,4,Google,Будем приходить ещё!
2026-01-23,6,5,Yandex,"Отличное место, всё очень вкусно!"
2026-01-23,7,1,internal,"Долго ждали заказ, больше часа."
2026-01-23,7,2,Yandex,"Принесли не то, что заказывали."
2026-01-23,8,2,internal,"Грязно в зале, нужно убирать."
2026-01-23,10,4,internal,"Быстро и вкусно, цены приемлемые."
2026-01-24,9,5,Google,"Любимый ресторан, всегда свежая еда."
2026-01-24,10,5,internal,"Любимый ресторан, всегда свежая еда."
2026-01-25,5,1,Yandex,"Обслуживание ужасное, официант грубил."
2026-01-27,1,5,Yandex,"Отличное место, всё очень вкусно!"
2026-01-27,5,4,Google,"Отличное место, всё очень вкусно!"
2026-01-27,8,2,Yandex,"Цены высокие, а качество низкое."
2026-01-28,5,5,Yandex,"Рекомендую всем, кто хочет вкусно поесть."
2026-01-28,7,5,Google,"Любимый ресторан, всегда свежая еда."
2026-01-28,9,3,Yandex,"Грязно в зале, нужно убирать."
2026-01-30,6,3,Yandex,"Грязно в зале, нужно убирать."
2026-01-31,4,4,Google,"Обслуживание на высоте, спасибо официанту Елена."
2026-01-31,5,5,Yandex,"Обслуживание на высоте, спасибо официанту Андрей."
2026-02-01,4,5,Google,"Быстро и вкусно, цены приемлемые."
2026-02-01,4,5,internal,"Быстро и вкусно, цены приемлемые."
2026-02-01,9,4,Yandex,Будем приходить ещё!
2026-02-01,10,4,Google,"Любимый ресторан, всегда свежая еда."
2026-02-02,1,4,Google,"Заказывали Рыба, очень понравилось!"
2026-02-02,3,5,Google,"Отличное место, всё очень вкусно!"
2026-02-02,6,5,Google,"Рекомендую всем, кто хочет вкусно поесть."
2026-02-02,6,4,Google,"Отличное место, всё очень вкусно!"
2026-02-03,5,5,Yandex,Хорошее соотношение цены и качества.
2026-02-03,5,4,Google,"Приятная атмосфера, вежливый персонал."
2026-02-03,6,5,Yandex,Хорошее соотношение цены и качества.
2026-02-03,9,5,Yandex,"Рекомендую всем, кто хочет вкусно поесть."
2026-02-04,2,2,internal,"Цены высокие, а качество низкое."
2026-02-04,3,2,internal,"Очень долго несли счёт, чуть не опоздали на встречу."
2026-02-04,5,4,internal,Будем приходить ещё!
2026-02-04,7,5,internal,"Обслуживание на высоте, спасибо официанту Алексей."
2026-02-04,8,4,Google,"Рекомендую всем, кто хочет вкусно поесть."
2026-02-04,10,3,Google,"Цены высокие, а качество низкое."
2026-02-05,6,4,Yandex,Будем приходить ещё!
2026-02-05,7,5,Yandex,"Приятная атмосфера, вежливый персонал."
2026-02-05,8,5,Google,"Отличное место, всё очень вкусно!"
2026-02-07,4,2,internal,"Обслуживание ужасное, официант грубил."
2026-02-07,4,5,Google,"Отличное место, всё очень вкусно!"
2026-02-07,6,4,Google,"Приятная атмосфера, вежливый персонал."
2026-02-07,9,4,Yandex,"Быстро и вкусно, цены приемлемые."
2026-02-08,9,5,internal,"Приятная атмосфера, вежливый персонал."
2026-02-09,2,4,Yandex,Хорошее соотношение цены и качества.
2026-02-09,5,5,Yandex,"Заказывали Борщ, очень понравилось!"
2026-02-09,7,5,Yandex,"Рекомендую всем, кто хочет вкусно поесть."
2026-02-09,7,1,Google,"Цены высокие, а качество низкое."
2026-02-10,2,1,Google,"Обслуживание ужасное, официант грубил."
2026-02-10,3,3,Google,"Долго ждали заказ, больше часа."
2026-02-10,4,5,Google,Будем приходить ещё!
2026-02-10,8,5,Google,"Приятная атмосфера, вежливый персонал."
2026-02-11,3,5,internal,Будем приходить ещё!
2026-02-11,7,5,Yandex,"Приятная атмосфера, вежливый персонал."
2026-02-11,7,5,internal,"Рекомендую всем, кто хочет вкусно поесть."
2026-02-11,9,5,Google,"Приятная атмосфера, вежливый персонал."
2026-02-12,6,4,internal,"Отличное место, всё очень вкусно!"
2026-02-12,7,4,Google,"Заказывали Борщ, очень понравилось!"
2026-02-12,9,3,Google,"Долго ждали заказ, больше часа."
2026-02-13,4,4,Google,"Быстро и вкусно, цены приемлемые."
2026-02-13,10,4,Yandex,"Рекомендую всем, кто хочет вкусно поесть."
2026-02-14,9,3,Google,"Долго ждали заказ, больше часа."
2026-02-15,1,4,internal,"Рекомендую всем, кто хочет вкусно поесть."
2026-02-15,4,4,internal,"Рекомендую всем, кто хочет вкусно поесть."
2026-02-15,4,3,Google,"Принесли не то, что заказывали."
2026-02-15,10,4,Yandex,"Любимый ресторан, всегда свежая еда."
2026-02-16,5,5,Yandex,"Рекомендую всем, кто хочет вкусно поесть."
2026-02-16,7,4,Yandex,"Заказывали Стейк, очень понравилось!"
2026-02-16,7,5,Yandex,Будем приходить ещё!
2026-02-16,10,3,Google,"Принесли не то, что заказывали."
2026-02-17,1,4,internal,"Приятная атмосфера, вежливый персонал."
2026-02-17,4,4,Yandex,"Заказывали Курица, очень понравилось!"
2026-02-17,8,5,Google,Хорошее соотношение цены и качества.
2026-02-17,8,2,internal,"Долго ждали заказ, больше часа."
2026-02-17,9,4,internal,Будем приходить ещё!
2026-02-17,10,4,Google,"Рекомендую всем, кто хочет вкусно поесть."
2026-02-18,1,4,Google,"Рекомендую всем, кто хочет вкусно поесть."
2026-02-18,3,5,internal,Хорошее соотношение цены и качества.
2026-02-18,8,4,internal,Хорошее соотношение цены и качества.
2026-02-18,10,5,Yandex,"Заказывали Пицца, очень понравилось!"
2026-02-19,4,4,internal,Будем приходить ещё!
2026-02-19,6,5,Yandex,"Быстро и вкусно, цены приемлемые."
2026-02-19,9,4,internal,"Отличное место, всё очень вкусно!"
2026-02-20,2,5,Yandex,"Любимый ресторан, всегда свежая еда."
2026-02-20,9,5,Yandex,"Любимый ресторан, всегда свежая еда."
2026-02-21,7,5,internal,"Рекомендую всем, кто хочет вкусно поесть."
2026-02-21,8,2,Google,"Пиво тёплое, видимо, проблемы с холодильником."
2026-02-22,1,4,internal,"Быстро и вкусно, цены приемлемые."
2026-02-22,7,4,Google,"Рекомендую всем, кто хочет вкусно поесть."
2026-02-23,2,5,Yandex,"Отличное место, всё очень вкусно!"
2026-02-24,5,4,Yandex,"Быстро и вкусно, цены приемлемые."
2026-02-24,5,5,internal,"Заказывали Пицца, очень понравилось!"
2026-02-24,8,5,internal,Будем приходить ещё!
2026-02-25,5,3,Google,"Принесли не то, что заказывали."
2026-02-25,9,4,Yandex,Будем приходить ещё!
2026-02-25,10,5,Yandex,"Быстро и вкусно, цены приемлемые."
2026-02-26,2,4,Yandex,Хорошее соотношение цены и качества.
2026-02-26,6,5,Yandex,"Заказывали Борщ, очень понравилось!"
2026-02-26,9,4,Google,Хорошее соотношение цены и качества.
2026-02-26,9,4,internal,"Любимый ресторан, всегда свежая еда."
2026-02-27,1,4,Google,Хорошее соотношение цены и качества.
2026-02-27,2,5,Yandex,"Обслуживание на высоте, спасибо официанту Иван."
2026-02-27,5,4,internal,"Отличное место, всё очень вкусно!"
2026-02-27,8,5,internal,"Заказывали Курица, очень понравилось!"
2026-02-27,9,5,Google,"Обслуживание на высоте, спасибо официанту Алексей."
2026-02-28,7,5,internal,"Любимый ресторан, всегда свежая еда."
2026-03-01,4,4,Google,Хорошее соотношение цены и качества.
2026-03-01,10,5,internal,"Любимый ресторан, всегда свежая еда."
2026-03-02,3,4,Yandex,"Приятная атмосфера, вежливый персонал."
2026-03-02,6,3,internal,"Обслуживание ужасное, официант грубил."
2026-03-02,7,5,Yandex,"Приятная атмосфера, вежливый персонал."
2026-03-03,2,5,Yandex,Будем приходить ещё!
2026-03-03,5,5,Google,"Отличное место, всё очень вкусно!"
2026-03-03,6,2,internal,"Долго ждали заказ, больше часа."
2026-03-03,6,4,internal,"Приятная атмосфера, вежливый персонал."
2026-03-05,4,4,Google,Хорошее соотношение цены и качества.
2026-03-06,5,4,Google,"Быстро и вкусно, цены приемлемые."
2026-03-06,7,4,Google,"Отличное место, всё очень вкусно!"
2026-03-07,1,4,Yandex,"Любимый ресторан, всегда свежая еда."
2026-03-07,1,4,Yandex,Хорошее соотношение цены и качества.
2026-03-07,2,4,Google,"Любимый ресторан, всегда свежая еда."
2026-03-07,6,5,Google,Будем приходить ещё!
2026-03-07,9,5,Google,"Рекомендую всем, кто хочет вкусно поесть."
2026-03-07,9,4,Yandex,"Заказывали Паста, очень понравилось!"
2026-03-07,9,5,Yandex,"Быстро и вкусно, цены приемлемые."
2026-03-08,1,5,Google,"Быстро и вкусно, цены приемлемые."
2026-03-08,3,1,internal,"Обслуживание ужасное, официант грубил."
2026-03-08,6,4,Google,"Рекомендую всем, кто хочет вкусно поесть."
2026-03-09,1,1,internal,"Цены высокие, а качество низкое."
2026-03-09,1,5,Yandex,"Обслуживание на высоте, спасибо официанту Алексей."
2026-03-09,2,3,Yandex,"Еда была не очень, Кофе совсем не понравилось."
2026-03-09,3,4,internal,"Обслуживание на высоте, спасибо официанту Андрей."
2026-03-09,5,5,internal,"Рекомендую всем, кто хочет вкусно поесть."
2026-03-10,5,3,Yandex,"Долго ждали заказ, больше часа."
2026-03-10,8,5,Google,"Рекомендую всем, кто хочет вкусно поесть."
2026-03-11,1,4,Yandex,"Любимый ресторан, всегда свежая еда."
2026-03-11,3,2,internal,"Еда была не очень, Борщ совсем не понравилось."
2026-03-11,3,1,Yandex,"Терминал не работал, пришлось ждать, пока официант перепишет заказ вручную."
2026-03-11,6,5,Google,"Рекомендую всем, кто хочет вкусно поесть."
2026-03-11,9,4,Yandex,Хорошее соотношение цены и качества.
2026-03-12,6,4,Yandex,"Любимый ресторан, всегда свежая еда."
2026-03-12,8,4,internal,"Отличное место, всё очень вкусно!"
2026-03-12,9,5,Google,"Любимый ресторан, всегда свежая еда."
2026-03-12,10,5,Google,"Любимый ресторан, всегда свежая еда."
2026-03-13,3,2,Google,"Терминал не работал, пришлось ждать, пока официант перепишет заказ вручную."
2026-03-13,4,3,Yandex,"Обслуживание ужасное, официант грубил."
2026-03-13,10,3,Yandex,"Цены высокие, а качество низкое."
2026-03-14,1,5,Google,"Любимый ресторан, всегда свежая еда."
2026-03-14,2,4,internal,"Обслуживание на высоте, спасибо официанту Елена."
2026-03-14,6,1,internal,"Долго ждали заказ, больше часа."
2026-03-14,7,4,Yandex,"Обслуживание на высоте, спасибо официанту Дмитрий."
2026-03-14,9,4,Google,"Быстро и вкусно, цены приемлемые."
2026-03-14,10,5,Google,Хорошее соотношение цены и качества.
2026-03-15,2,4,internal,"Заказывали Рыба, очень понравилось!"
2026-03-15,4,5,internal,"Любимый ресторан, всегда свежая еда."
2026-03-15,9,5,internal,Хорошее соотношение цены и качества.
2026-03-16,7,5,Google,"Отличное место, всё очень вкусно!"
2026-03-16,10,3,internal,"Долго ждали заказ, больше часа."
2026-03-17,7,4,Yandex,"Любимый ресторан, всегда свежая еда."
2026-03-17,9,4,Google,"Быстро и вкусно, цены приемлемые."
2026-03-17,10,4,Google,Будем приходить ещё!
2026-03-18,3,4,internal,"Отличное место, всё очень вкусно!"
2026-03-18,8,4,Yandex,"Любимый ресторан, всегда свежая еда."
2026-03-19,6,5,Google,"Отличное место, всё очень вкусно!"
2026-03-19,9,4,Yandex,"Отличное место, всё очень вкусно!"
2026-03-20,10,4,Google,"Отличное место, всё очень вкусно!"
2026-03-21,7,4,internal,"Рекомендую всем, кто хочет вкусно поесть."
2026-03-22,5,4,internal,"Обслуживание на высоте, спасибо официанту Иван."
2026-03-22,5,5,internal,"Рекомендую всем, кто хочет вкусно поесть."
2026-03-22,5,4,internal,"Отличное место, всё очень вкусно!"
2026-03-23,1,2,Yandex,"Грязно в зале, нужно убирать."
2026-03-24,9,4,Google,"Любимый ресторан, всегда свежая еда."
2026-03-25,3,3,Google,"Цены высокие, а качество низкое."
2026-03-25,4,4,Google,"Любимый ресторан, всегда свежая еда."
2026-03-25,5,4,Google,"Любимый ресторан, всегда свежая еда."
2026-03-25,7,5,internal,"Отличное место, всё очень вкусно!"
2026-03-25,10,5,Yandex,Хорошее соотношение цены и качества.
2026-03-26,1,4,internal,"Рекомендую всем, кто хочет вкусно поесть."
2026-03-26,1,4,internal,"Быстро и вкусно, цены приемлемые."
2026-03-26,4,5,Yandex,"Обслуживание на высоте, спасибо официанту Дмитрий."
2026-03-26,6,4,Yandex,"Рекомендую всем, кто хочет вкусно поесть."
2026-03-27,4,4,internal,"Рекомендую всем, кто хочет вкусно поесть."
2026-03-27,8,4,internal,"Любимый ресторан, всегда свежая еда."
2026-03-28,1,4,Yandex,"Любимый ресторан, всегда свежая еда."
2026-03-28,2,3,Google,"Грязно в зале, нужно убирать."
2026-03-28,5,4,Yandex,"Рекомендую всем, кто хочет вкусно поесть."
2026-03-28,6,4,Yandex,"Приятная атмосфера, вежливый персонал."
2026-03-29,4,5,Yandex,"Любимый ресторан, всегда свежая еда."
2026-03-29,5,5,Yandex,"Любимый ресторан, всегда свежая еда."
2026-03-29,10,4,Google,"Заказывали Курица, очень понравилось!"
2026-03-30,2,4,internal,"Быстро и вкусно, цены приемлемые."
2026-03-30,8,5,Google,"Рекомендую всем, кто хочет вкусно поесть."
2026-03-30,8,2,internal,"Принесли не то, что заказывали."
2026-03-31,3,4,internal,"Отличное место, всё очень вкусно!"
2026-03-31,7,5,Yandex,"Приятная атмосфера, вежливый персонал."
2026-03-31,8,5,internal,"Любимый ресторан, всегда свежая еда."
