staff_id;name;restaurant_id;position;shift;hire_date;termination_date
1000;Артем Михайлов;1;manager;утро;20.12.2023;
1001;Елена Новикова;1;manager;вечер;04.01.2023;
1002;Сергей Кузнецов;1;cook;утро;20.01.2023;
1003;Наталья Михайлова;1;cook;вечер;18.06.2023;
1004;Светлана Иванова;1;cook;утро;05.03.2023;
1005;Дмитрий Федоров;1;cook;вечер;17.05.2023;
1006;Илья Васильев;1;waiter;утро;27.04.2023;
1007;Михаил Михайлов;1;waiter;вечер;11.11.2023;
1008;Дмитрий Новиков;1;waiter;утро;03.09.2023;
1009;Наталья Сергеева;1;waiter;вечер;23.05.2023;
1010;Алексей Федоров;1;waiter;утро;27.02.2023;
1011;Мария Васильева;1;waiter;вечер;26.10.2023;
1012;Максим Смирнов;1;cleaner;утро;19.01.2023;
1013;Михаил Соколов;1;cleaner;вечер;21.08.2023;
1014;Илья Новиков;2;manager;утро;19.11.2023;
1015;Кирилл Кузнецов;2;manager;вечер;11.07.2023;
1016;Александр Петров;2;cook;утро;19.01.2023;
1017;Максим Петров;2;cook;вечер;25.08.2023;
1018;Андрей Соколов;2;cook;утро;04.10.2023;
1019;Михаил Иванов;2;cook;вечер;27.03.2023;
1020;Мария Смирнова;2;waiter;утро;07.10.2023;
1021;Дмитрий Иванов;2;waiter;вечер;07.11.2023;
1022;Дмитрий Михайлов;2;waiter;утро;21.06.2023;
1023;Михаил Кузнецов;2;waiter;вечер;03.11.2023;
1024;Мария Михайлова;2;waiter;утро;23.03.2023;
1025;Екатерина Петрова;2;waiter;вечер;03.07.2023;
1026;Артем Федоров;2;cleaner;утро;16.11.2023;
1027;Анна Сергеева;2;cleaner;вечер;16.04.2023;
1028;Екатерина Иванова;3;manager;утро;06.02.2023;
1029;Сергей Федоров;3;manager;вечер;18.11.2023;
1030;Светлана Иванова;3;cook;утро;06.03.2023;
1031;Сергей (Опытный);3;cook;вечер;15.01.2022;31.12.2025
1032;Алексей (Новичок);3;cook;вечер;28.12.2025;
1033;Сергей Васильев;3;cook;утро;28.04.2023;
1034;Сергей (Опытный);3;cook;вечер;15.01.2022;31.12.2025
1036;Сергей Новиков;3;waiter;утро;14.02.2023;
1037;Андрей Смирнов;3;waiter;вечер;02.07.2023;
1038;Илья Федоров;3;waiter;утро;14.11.2023;
1039;Дмитрий Новиков;3;waiter;вечер;16.06.2023;
1040;Сергей Федоров;3;waiter;утро;07.11.2023;
1041;Сергей Петров;3;waiter;вечер;18.11.2023;
1042;Илья Кузнецов;3;cleaner;утро;15.06.2023;
1043;Андрей Петров;3;cleaner;вечер;13.11.2023;
1044;Ирина Соколова;4;manager;утро;07.07.2023;
1045;Александр Сергеев;4;manager;вечер;08.08.2023;
1046;Михаил Новиков;4;cook;утро;11.06.2023;
1047;Илья Федоров;4;cook;вечер;06.03.2023;
1048;Екатерина Петрова;4;cook;утро;01.12.2023;
1049;Александр Иванов;4;cook;вечер;14.10.2023;
1050;Андрей Васильев;4;waiter;утро;11.03.2023;
1051;Андрей Смирнов;4;waiter;вечер;12.04.2023;
1052;Максим Смирнов;4;waiter;утро;12.05.2023;
1053;Михаил Михайлов;4;waiter;вечер;03.06.2023;
1054;Татьяна Федорова;4;waiter;утро;02.06.2023;
1055;Илья Михайлов;4;waiter;вечер;08.11.2023;
1056;Михаил Федоров;4;cleaner;утро;21.08.2023;
1057;Татьяна Федорова;4;cleaner;вечер;02.07.2023;
1058;Александр Смирнов;5;manager;утро;23.09.2023;
1059;Дмитрий Петров;5;manager;вечер;17.04.2023;
1060;Андрей Иванов;5;cook;утро;06.09.2023;
1061;Дмитрий Федоров;5;cook;вечер;25.12.2023;
1062;Наталья Петрова;5;cook;утро;16.01.2023;
1063;Максим Смирнов;5;cook;вечер;08.01.2023;
1064;Мария Михайлова;5;waiter;утро;04.06.2023;
1065;Татьяна Соколова;5;waiter;вечер;19.10.2023;
1066;Дмитрий Петров;5;waiter;утро;27.10.2023;
1067;Екатерина Соколова;5;waiter;вечер;13.12.2023;
1068;Артем Смирнов;5;waiter;утро;28.05.2023;
1069;Светлана Михайлова;5;waiter;вечер;12.07.2023;
1070;Анна Михайлова;5;cleaner;утро;09.02.2023;
1071;Андрей Сергеев;5;cleaner;вечер;15.08.2023;
1072;Максим Васильев;6;manager;утро;18.11.2023;
1073;Александр Федоров;6;manager;вечер;04.05.2023;
1074;Артем Васильев;6;cook;утро;14.04.2023;
1075;Кирилл Иванов;6;cook;вечер;03.04.2023;
1076;Алексей Сергеев;6;cook;утро;24.08.2023;
1077;Артем Михайлов;6;cook;вечер;26.03.2023;
1078;Светлана Федорова;6;waiter;утро;24.10.2023;
1079;Максим Кузнецов;6;waiter;вечер;01.09.2023;
1080;Андрей Смирнов;6;waiter;утро;04.12.2023;
1081;Михаил Соколов;6;waiter;вечер;26.10.2023;
1082;Илья Смирнов;6;waiter;утро;24.12.2023;
1083;Ирина Новикова;6;waiter;вечер;03.05.2023;
1084;Дмитрий Иванов;6;cleaner;утро;03.09.2023;
1085;Кирилл Кузнецов;6;cleaner;вечер;16.05.2023;
1086;Максим Соколов;7;manager;утро;12.02.2023;
1087;Алексей Соколов;7;manager;вечер;18.01.2023;
1088;Максим Сергеев;7;cook;утро;24.06.2023;
1089;Илья Кузнецов;7;cook;вечер;12.02.2023;
1090;Александр Петров;7;cook;утро;21.05.2023;
1091;Андрей Сергеев;7;cook;вечер;01.04.2023;
1092;Дмитрий Соколов;7;waiter;утро;13.10.2023;
1093;Артем Соколов;7;waiter;вечер;23.02.2023;
1094;Александр Смирнов;7;waiter;утро;22.03.2023;
1095;Сергей Васильев;7;waiter;вечер;27.10.2023;
1096;Сергей Сергеев;7;waiter;утро;27.02.2023;
1097;Андрей Иванов;7;waiter;вечер;24.01.2023;
1098;Татьяна Сергеева;7;cleaner;утро;15.07.2023;
1099;Максим Васильев;7;cleaner;вечер;20.06.2023;
1100;Елена Петрова;8;manager;утро;20.04.2023;
1101;Анна Соколова;8;manager;вечер;05.01.2023;
1102;Артем Сергеев;8;cook;утро;24.03.2023;
1103;Иван (Опытный);8;cook;вечер;15.01.2022;31.12.2025
1104;Максим (Новичок);8;cook;вечер;01.01.2026;
1105;Александр Петров;8;cook;утро;18.04.2023;
1106;Иван (Опытный);8;cook;вечер;15.01.2022;31.12.2025
1108;Артем Иванов;8;waiter;утро;05.10.2023;
1109;Алексей Иванов;8;waiter;вечер;23.06.2023;
1110;Александр Соколов;8;waiter;утро;27.05.2023;
1111;Кирилл Смирнов;8;waiter;вечер;16.01.2023;
1112;Алексей Васильев;8;waiter;утро;23.06.2023;
1113;Дмитрий Сергеев;8;waiter;вечер;10.07.2023;
1114;Екатерина Михайлова;8;cleaner;утро;01.06.2023;
1115;Дмитрий Кузнецов;8;cleaner;вечер;09.11.2023;
1116;Юлия Соколова;9;manager;утро;23.10.2023;
1117;Илья Петров;9;manager;вечер;11.07.2023;
1118;Максим Кузнецов;9;cook;утро;14.12.2023;
1119;Кирилл Соколов;9;cook;вечер;12.07.2023;
1120;Артем Новиков;9;cook;утро;07.03.2023;
1121;Сергей Васильев;9;cook;вечер;23.12.2023;
1122;Андрей Соколов;9;waiter;утро;23.10.2023;
1123;Артем Сергеев;9;waiter;вечер;11.03.2023;
1124;Артем Васильев;9;waiter;утро;22.10.2023;
1125;Илья Соколов;9;waiter;вечер;07.09.2023;
1126;Наталья Сергеева;9;waiter;утро;25.07.2023;
1127;Александр Петров;9;waiter;вечер;01.02.2023;
1128;Александр Васильев;9;cleaner;утро;08.03.2023;
1129;Дмитрий Сергеев;9;cleaner;вечер;28.03.2023;
1130;Дмитрий Кузнецов;10;manager;утро;14.04.2023;
1131;Алексей Петров;10;manager;вечер;15.09.2023;
1132;Артем Иванов;10;cook;утро;17.07.2023;
1133;Анна Федорова;10;cook;вечер;28.04.2023;
1134;Кирилл Иванов;10;cook;утро;12.04.2023;
1135;Дмитрий Новиков;10;cook;вечер;22.04.2023;
1136;Дмитрий Иванов;10;waiter;утро;27.01.2023;
1137;Елена Петрова;10;waiter;вечер;02.12.2023;
1138;Светлана Кузнецова;10;waiter;утро;16.11.2023;
1139;Дмитрий Новиков;10;waiter;вечер;03.07.2023;
1140;Михаил Смирнов;10;waiter;утро;16.02.2023;
1141;Артем Смирнов;10;waiter;вечер;08.02.2023;
1142;Илья Кузнецов;10;cleaner;утро;01.08.2023;
1143;Илья Новиков;10;cleaner;вечер;02.06.2023;
